CREATE DATABASE enaplo;

USE enaplo;

--
-- Tábla szerkezet ehhez a táblához `tanarok`
--

CREATE TABLE `tanarok` (
    `id` INT PRIMARY KEY,
    `nev` VARCHAR(255) UNIQUE,
    `targyak` VARCHAR(255) NOT NULL,
    `felveve` DATE,
    `szuletett` DATE
) ENGINE=InnoDB DEFAULT CHARSET=utf8mb4 COLLATE=utf8mb4_hungarian_ci;

--
-- A tábla adatainak kiíratása `tanarok`
--

INSERT INTO `tanarok`(`id`, `nev`, `targyak`, `felveve`, `szuletett`)
VALUES (1, 'Kis Antal', 'matek, kémia', '2007-02-03', '1978-03-03'),
(2, 'Vas Boldizsár', 'irodalom, nyelvtan, etika', '2012-01-02', '1975-03-12'),
(3, 'Rác Hunor', 'történelem, földrajz', '2020-03-07', '1980-11-20'),
(4, 'Szép Ilona', 'angol', '2022-12-06', '1989-04-23'),
(5, 'Bab Jankó', 'német', '2015-06-08', '1970-10-20'),
(6, 'Nagy Zsófi', 'fizika, matek', '2009-11-15', '1978-03-04'),
(7, 'Tóth István', 'rajz', '2001-05-23', '1975-03-24'),
(8, 'Pap Eszter', 'ének', '2022.04.23', '1980-11-21'),
(9, 'Hegedűs Ibolya', 'digitális kultúra', '2014-07-08', '1989-04-24'),
(10, 'Keresztes Bálint', 'testnevelés', '2020-08-02', '1970-10-21');

--
-- Tábla szerkezet ehhez a táblához `fizetesek`
--

CREATE TABLE `fizetesek` (
    `tanarid` INT PRIMARY KEY,
    `fizetes` INT,
    `evek` INT,
    `kepesites` VARCHAR(255),
	FOREIGN KEY (`tanarid`) REFERENCES `tanarok`(`id`)
) ENGINE=InnoDB DEFAULT CHARSET=utf8mb4 COLLATE=utf8mb4_hungarian_ci;

--
-- A tábla adatainak kiíratása `fizetesek`
--

INSERT INTO `fizetesek`(`tanarid`, `fizetes`, `evek`, `kepesites`)
VALUES (1, 454500, 25, 'mesterdiploma'),
(2, 346700, 11, 'alapdiploma'),
(3, 294000, 6, 'érettségi'),
(4, 366000, 11, 'alapdiploma'),
(5, 396200, 10, 'alapdiploma'),
(6, 415000, 16, 'mesterdiploma'),
(7, 435000, 25, 'mesterdiploma'),
(8, 294000, 3, NULL),
(9, 316000, 10, 'alapdiploma'),
(10, 296000, 5, 'érettségi');

--
-- Tábla szerkezet ehhez a táblához `diakok`
--

CREATE TABLE `diakok` (
    `id` INT PRIMARY KEY,
    `nev` VARCHAR(255),
	`nem` VARCHAR(255),
    `evfolyam` INT,
    `osztaly` VARCHAR(255),
    `nyelvi` BOOLEAN
) ENGINE=InnoDB DEFAULT CHARSET=utf8mb4 COLLATE=utf8mb4_hungarian_ci;

--
-- A tábla adatainak kiíratása `diakok`
--

INSERT INTO `diakok`(`id`, `nev`, `nem`, `evfolyam`, `osztaly`, `nyelvi`)
VALUES (1, 'Kovács András', 'F', 9, 'A', 0),
(2, 'Szabó Eszter', 'N', 12, 'B', 0),
(3, 'Nagy Gábor', 'F', 11, 'A', 0),
(4, 'Horváth Klára', 'N', 10, 'A', 1),
(5, 'Tóth Zoltán', 'F', 11, 'A', 1),
(6, 'Kovács Viktória', 'N', 12, 'B', 0),
(7, 'Molnár Bence', 'F', 10, 'A', 0),
(8, 'Kiss Csilla', 'N', 9, 'B', 1),
(9, 'Székely Dávid', 'F', 11, 'A', 1),
(10, 'Nagy Emese', 'N', 12, 'A', 0),
(11, 'Balogh Gabriella', 'N', 10, 'A', 0),
(12, 'Varga Ferenc', 'F', 10, 'B', 1),
(13, 'Fekete János', 'F', 10, 'B', 1),
(14, 'Takács Katalin', 'N', 9, 'B', 1),
(15, 'Papp László', 'F', 11, 'A', 1),
(16, 'Szűcs Norbert', 'F', 12, 'B', 0),
(17, 'Lakatos Péter', 'F', 10, 'A', 0),
(18, 'Rácz Mária', 'N', 11, 'B', 0),
(19, 'Bán Orsolya', 'N', 9, 'B', 0),
(20, 'Kiss Csilla', 'N', 10, 'A', 0),
(21, 'Mészáros Attila', 'F', 11, 'A', 1),
(22, 'Farkas Zsolt', 'F', 10, 'B', 1),
(23, 'Nagy Márton', 'F', 12, 'B', 0),
(24, 'Török Katalin', 'N', 9, 'A', 1),
(25, 'Balázs Péter', 'F', 9, 'A', 1),
(26, 'Tóth Károly', 'F', 9, 'A', 1),
(27, 'Pintér Sándor', 'F', 10, 'A', 0),
(28, 'Csizmadia Judit', 'N', 9, 'B', 0),
(29, 'Győri Réka', 'N', 11, 'B', 0),
(30, 'Kiss Gergő', 'F', 10, 'A', 0),
(31, 'Simon Máté', 'F', 11, 'A', 0),
(32, 'Csernai Enikő', 'N', 12, 'B', 0),
(33, 'Hegedűs István', 'F', 9, 'A', 1),
(34, 'Varga Ferenc', 'F', 9, 'B', 1),
(35, 'Bakos Levente', 'F', 11, 'A', 1),
(36, 'Katona Petra', 'N', 10, 'B', 1),
(37, 'Fodor Gábor', 'F', 10, 'B', 0),
(38, 'Pálfi Krisztina', 'N', 12, 'B', 0),
(39, 'Kozma Lajos', 'F', 12, 'B', 0),
(40, 'Szilágyi Éva', 'N', 9, 'A', 0),
(41, 'Barta Norbert', 'F', 10, 'A', 1),
(42, 'Lukács Péter', 'F', 11, 'B', 1),
(43, 'Bognár Tamás', 'F', 12, 'B', 0),
(44, 'Vincze Dániel', 'F', 10, 'A', 1),
(45, 'Rácz Anita', 'N', 10, 'B', 0),
(46, 'Takács Orsolya', 'N', 9, 'A', 0),
(47, 'Váradi Gábor', 'F', 10, 'B', 1),
(48, 'Nagy Krisztina', 'N', 10, 'A', 1),
(49, 'Mészáros Zoltán', 'F', 12, 'B', 1),
(50, 'Varga Kinga', 'N', 11, 'B', 1);

--
-- Tábla szerkezet ehhez a táblához `oktatott`
--

CREATE TABLE oktatott (
    `tanarid` INT,
    `diakid` INT,
    `targy` VARCHAR(255),
    `heti` INT,
    PRIMARY KEY (`tanarid`, `diakid`),
    FOREIGN KEY (`tanarid`) REFERENCES `tanarok`(`id`),
    FOREIGN KEY (`diakid`) REFERENCES `diakok`(`id`)
) ENGINE=InnoDB DEFAULT CHARSET=utf8mb4 COLLATE=utf8mb4_hungarian_ci;

--
-- A tábla adatainak kiíratása `oktatott`
--

INSERT INTO `oktatott`(`tanarid`, `diakid`, `targy`, `heti`)
VALUES (1, 1, 'matek', 5),
(1, 2, 'matek', 5),
(1, 3, 'kémia', 2),
(1, 4, 'kémia', 2),
(1, 5, 'kémia', 2),
(1, 6, 'matek', 5),
(1, 7, 'kémia', 2),
(1, 8, 'matek', 5),
(1, 9, 'kémia', 2),
(1, 10, 'matek', 5),
(1, 11, 'matek', 5),
(1, 12, 'kémia', 2),
(1, 13, 'kémia', 2),
(1, 14, 'matek', 5),
(1, 15, 'kémia', 2),
(1, 16, 'matek', 5),
(1, 17, 'matek', 5),
(1, 18, 'kémia', 2),
(1, 19, 'matek', 5),
(1, 20, 'kémia', 2),
(1, 21, 'kémia', 2),
(1, 22, 'kémia', 2),
(1, 23, 'matek', 5),
(1, 24, 'matek', 5),
(1, 25, 'matek', 5),
(1, 26, 'matek', 5),
(1, 27, 'kémia', 2),
(1, 28, 'matek', 5),
(1, 29, 'kémia', 2),
(1, 30, 'kémia', 2),
(1, 31, 'kémia', 2),
(1, 32, 'matek', 5),
(1, 33, 'matek', 5),
(1, 34, 'matek', 5),
(1, 35, 'kémia', 2),
(1, 36, 'kémia', 2),
(1, 37, 'kémia', 2),
(1, 38, 'matek', 5),
(1, 39, 'matek', 5),
(1, 40, 'matek', 5),
(1, 41, 'matek', 5),
(1, 42, 'matek', 5),
(1, 43, 'matek', 5),
(2, 20, 'irodalom', 5),
(2, 21, 'irodalom', 5),
(2, 22, 'irodalom', 5),
(2, 23, 'irodalom', 5),
(2, 24, 'nyelvtan', 3),
(2, 25, 'nyelvtan', 3),
(2, 26, 'nyelvtan', 3),
(2, 27, 'irodalom', 5),
(2, 28, 'nyelvtan', 3),
(2, 29, 'irodalom', 5),
(2, 30, 'irodalom', 5),
(2, 31, 'irodalom', 5),
(2, 32, 'irodalom', 5),
(2, 33, 'nyelvtan', 3),
(2, 34, 'nyelvtan', 3),
(2, 35, 'irodalom', 5),
(2, 36, 'irodalom', 5),
(2, 37, 'irodalom', 5),
(2, 38, 'irodalom', 5),
(2, 39, 'irodalom', 5),
(2, 40, 'nyelvtan', 3),
(2, 41, 'irodalom', 5),
(2, 42, 'irodalom', 5),
(2, 43, 'irodalom', 5),
(2, 44, 'irodalom', 5),
(2, 45, 'irodalom', 5),
(2, 46, 'nyelvtan', 3),
(2, 47, 'irodalom', 5),
(2, 48, 'irodalom', 5),
(2, 49, 'irodalom', 5),
(2, 50, 'irodalom', 5),
(3, 1, 'földrajz', 2),
(3, 2, 'történelem', 3),
(3, 3, 'történelem', 3),
(3, 4, 'kémia', 2),
(3, 5, 'történelem', 3),
(3, 9, 'történelem', 3),
(3, 10, 'történelem', 3),
(3, 11, 'földrajz', 2),
(3, 12, 'kémia', 2),
(3, 13, 'kémia', 2),
(3, 14, 'földrajz', 2),
(3, 15, 'történelem', 3),
(3, 22, 'történelem', 3),
(3, 23, 'történelem', 3),
(3, 24, 'földrajz', 2),
(3, 25, 'földrajz', 2),
(3, 26, 'földrajz', 2),
(3, 27, 'kémia', 2),
(3, 31, 'történelem', 3),
(3, 32, 'történelem', 3),
(3, 42, 'történelem', 3),
(3, 43, 'történelem', 3),
(3, 44, 'történelem', 3),
(3, 45, 'történelem', 3),
(3, 46, 'földrajz', 2),
(3, 47, 'kémia', 2),
(3, 48, 'kémia', 2),
(3, 49, 'történelem', 3),
(3, 50, 'történelem', 3),
(4, 1, 'angol', 4),
(4, 11, 'angol', 4),
(4, 15, 'angol', 5),
(4, 22, 'angol', 5),
(4, 29, 'angol', 5),
(4, 35, 'angol', 5),
(4, 36, 'angol', 4),
(4, 42, 'angol', 5),
(4, 43, 'angol', 5),
(4, 45, 'angol', 4),
(4, 47, 'angol', 4),
(4, 49, 'angol', 5),
(5, 2, 'német', 5),
(5, 3, 'német', 5),
(5, 4, 'német', 4),
(5, 6, 'német', 5),
(5, 7, 'német', 4),
(5, 9, 'német', 5),
(5, 10, 'német', 5),
(5, 11, 'német', 4),
(5, 13, 'német', 4),
(5, 14, 'német', 4),
(5, 17, 'német', 5),
(5, 18, 'német', 5),
(5, 19, 'német', 4),
(5, 20, 'német', 4),
(5, 21, 'német', 5),
(5, 23, 'német', 5),
(5, 24, 'német', 4),
(5, 43, 'német', 5),
(5, 44, 'német', 5),
(5, 45, 'német', 4),
(5, 49, 'német', 5),
(5, 50, 'német', 5),
(6, 1, 'fizika', 2),
(6, 2, 'fizika', 2),
(6, 3, 'matek', 5),
(6, 4, 'matek', 5),
(6, 5, 'matek', 5),
(6, 6, 'fizika', 2),
(6, 7, 'matek', 5),
(6, 28, 'fizika', 2),
(6, 29, 'matek', 5),
(6, 30, 'matek', 5),
(6, 42, 'matek', 5),
(6, 46, 'fizika', 2),
(7, 1, 'rajz', 1),
(7, 6, 'rajz', 1),
(7, 9, 'rajz', 1),
(7, 15, 'rajz', 1),
(7, 19, 'rajz', 1),
(7, 24, 'rajz', 1),
(7, 32, 'rajz', 1),
(7, 34, 'rajz', 1),
(7, 35, 'rajz', 1),
(7, 43, 'rajz', 1),
(7, 45, 'rajz', 1),
(7, 47, 'rajz', 1),
(7, 48, 'rajz', 1),
(7, 49, 'rajz', 1),
(8, 1, 'ének', 1),
(8, 2, 'ének', 1),
(8, 3, 'ének', 1),
(8, 4, 'ének', 1),
(8, 5, 'ének', 1),
(8, 6, 'ének', 1),
(8, 7, 'ének', 1),
(8, 8, 'ének', 1),
(8, 23, 'ének', 1),
(8, 28, 'ének', 1),
(8, 30, 'ének', 1),
(8, 33, 'ének', 1),
(8, 35, 'ének', 1),
(8, 36, 'ének', 1),
(8, 38, 'ének', 1),
(8, 40, 'ének', 1),
(8, 41, 'ének', 1),
(8, 43, 'ének', 1),
(8, 44, 'ének', 1),
(8, 45, 'ének', 1),
(8, 46, 'ének', 1),
(8, 47, 'ének', 1),
(8, 48, 'ének', 1),
(8, 49, 'ének', 1),
(8, 50, 'ének', 1),
(9, 1, 'digitális kultúra', 3),
(9, 2, 'digitális kultúra', 3),
(9, 3, 'digitális kultúra', 3),
(9, 4, 'digitális kultúra', 3),
(9, 23, 'digitális kultúra', 3),
(9, 24, 'digitális kultúra', 3),
(9, 25, 'digitális kultúra', 3),
(9, 26, 'digitális kultúra', 3),
(9, 27, 'digitális kultúra', 3),
(9, 28, 'digitális kultúra', 3),
(9, 29, 'digitális kultúra', 3),
(9, 30, 'digitális kultúra', 3),
(9, 31, 'digitális kultúra', 3),
(9, 44, 'digitális kultúra', 3),
(9, 45, 'digitális kultúra', 3),
(9, 46, 'digitális kultúra', 3),
(9, 47, 'digitális kultúra', 3),
(9, 48, 'digitális kultúra', 3),
(9, 49, 'digitális kultúra', 3),
(9, 50, 'digitális kultúra', 3),
(10, 1, 'testnevelés', 4),
(10, 2, 'testnevelés', 4),
(10, 3, 'testnevelés', 4),
(10, 4, 'testnevelés', 4),
(10, 5, 'testnevelés', 4),
(10, 6, 'testnevelés', 4),
(10, 7, 'testnevelés', 4),
(10, 8, 'testnevelés', 4),
(10, 9, 'testnevelés', 4),
(10, 10, 'testnevelés', 4),
(10, 11, 'testnevelés', 4),
(10, 12, 'testnevelés', 4),
(10, 13, 'testnevelés', 4),
(10, 26, 'testnevelés', 4),
(10, 27, 'testnevelés', 4),
(10, 28, 'testnevelés', 4),
(10, 35, 'testnevelés', 4),
(10, 36, 'testnevelés', 4),
(10, 37, 'testnevelés', 4),
(10, 38, 'testnevelés', 4),
(10, 39, 'testnevelés', 4),
(10, 40, 'testnevelés', 4),
(10, 41, 'testnevelés', 4);

--
-- Tábla szerkezet ehhez a táblához `jegyek`
--

CREATE TABLE jegyek (
    `id` INT PRIMARY KEY,
	`tanarid` INT,
    `diakid` INT,
    `osztalyzat` INT,
    `beirva` DATETIME,
	FOREIGN KEY (`tanarid`) REFERENCES `tanarok`(`id`),
    FOREIGN KEY (`diakid`) REFERENCES `diakok`(`id`)
) ENGINE=InnoDB DEFAULT CHARSET=utf8mb4 COLLATE=utf8mb4_hungarian_ci;

--
-- A tábla adatainak kiíratása `jegyek`
--

INSERT INTO `jegyek`(`id`, `tanarid`, `diakid`, `osztalyzat`, `beirva`)
VALUES (1, 2, 23, 5, '2023-01-01 10:23:17'),
(2, 8, 30, 5, '2023-01-01 16:05:53'),
(3, 4, 49, 4, '2023-01-01 17:46:18'),
(4, 7, 32, 3, '2023-01-01 19:30:56'),
(5, 4, 42, 5, '2023-01-01 20:11:02'),
(6, 1, 30, 3, '2023-01-01 20:22:49'),
(7, 5, 10, 5, '2023-01-02 08:26:24'),
(8, 9, 48, 5, '2023-01-02 11:14:27'),
(9, 7, 35, 5, '2023-01-02 14:18:32'),
(10, 1, 15, 5, '2023-01-02 14:35:58'),
(11, 7, 6, 5, '2023-01-02 23:22:58'),
(12, 4, 49, 1, '2023-01-03 06:00:23'),
(13, 8, 4, 5, '2023-01-03 08:42:23'),
(14, 10, 2, 3, '2023-01-03 09:48:26'),
(15, 4, 36, 5, '2023-01-03 12:06:52'),
(16, 2, 36, 5, '2023-01-03 14:01:18'),
(17, 3, 9, 4, '2023-01-03 14:06:23'),
(18, 10, 38, 4, '2023-01-03 14:33:54'),
(19, 1, 12, 3, '2023-01-03 15:17:29'),
(20, 10, 39, 2, '2023-01-03 21:41:21'),
(21, 1, 12, 1, '2023-01-03 22:24:11'),
(22, 8, 6, 5, '2023-01-04 23:40:21'),
(23, 6, 42, 5, '2023-01-06 10:09:58'),
(24, 9, 50, 4, '2023-01-06 10:59:54'),
(25, 10, 4, 3, '2023-01-06 12:58:41'),
(26, 8, 43, 1, '2023-01-06 19:41:20'),
(27, 2, 50, 1, '2023-01-07 07:38:57'),
(28, 10, 28, 5, '2023-01-07 10:50:26'),
(29, 7, 48, 2, '2023-01-08 06:19:13'),
(30, 2, 47, 5, '2023-01-08 08:09:31'),
(31, 1, 4, 5, '2023-01-08 08:09:53'),
(32, 7, 19, 4, '2023-01-08 08:40:14'),
(33, 3, 4, 4, '2023-01-08 09:46:21'),
(34, 10, 2, 4, '2023-01-08 10:25:30'),
(35, 7, 9, 5, '2023-01-08 15:08:46'),
(36, 5, 7, 4, '2023-01-08 21:22:13'),
(37, 5, 17, 2, '2023-01-08 22:08:01'),
(38, 1, 30, 5, '2023-01-08 22:45:23'),
(39, 1, 20, 4, '2023-01-09 10:53:11'),
(40, 6, 30, 4, '2023-01-09 12:10:13'),
(41, 1, 2, 1, '2023-01-09 12:42:58'),
(42, 10, 12, 5, '2023-01-09 16:02:51'),
(43, 5, 18, 4, '2023-01-09 16:19:10'),
(44, 1, 17, 3, '2023-01-09 17:06:48'),
(45, 5, 21, 2, '2023-01-09 18:58:49'),
(46, 3, 45, 1, '2023-01-09 21:31:44'),
(47, 8, 5, 5, '2023-01-09 22:10:29'),
(48, 7, 19, 1, '2023-01-10 10:15:10'),
(49, 5, 6, 4, '2023-01-10 11:17:56'),
(50, 1, 13, 4, '2023-01-10 11:22:02'),
(51, 8, 46, 4, '2023-01-10 13:34:43'),
(52, 1, 20, 4, '2023-01-10 16:50:29'),
(53, 4, 35, 4, '2023-01-10 20:12:19'),
(54, 9, 50, 2, '2023-01-10 23:23:30'),
(55, 7, 15, 3, '2023-01-11 06:45:16'),
(56, 8, 40, 5, '2023-01-11 08:53:30'),
(57, 3, 26, 1, '2023-01-11 10:56:56'),
(58, 1, 8, 5, '2023-01-11 11:28:32'),
(59, 4, 49, 3, '2023-01-11 13:33:18'),
(60, 1, 18, 5, '2023-01-11 13:50:10'),
(61, 1, 28, 5, '2023-01-12 06:20:41'),
(62, 1, 26, 3, '2023-01-12 09:02:35'),
(63, 2, 38, 5, '2023-01-12 10:12:12'),
(64, 1, 19, 3, '2023-01-12 18:15:50'),
(65, 3, 46, 5, '2023-01-12 20:41:06'),
(66, 10, 1, 3, '2023-01-13 09:16:08'),
(67, 2, 20, 5, '2023-01-13 12:58:39'),
(68, 10, 6, 3, '2023-01-13 21:36:25'),
(69, 3, 12, 1, '2023-01-14 09:17:18'),
(70, 1, 3, 4, '2023-01-14 17:51:09'),
(71, 10, 13, 5, '2023-01-14 19:30:28'),
(72, 4, 22, 4, '2023-01-14 21:05:36'),
(73, 1, 10, 5, '2023-01-14 23:06:45'),
(74, 7, 34, 3, '2023-01-15 08:16:37'),
(75, 10, 8, 2, '2023-01-15 08:38:39'),
(76, 3, 2, 5, '2023-01-15 09:46:32'),
(77, 3, 49, 3, '2023-01-15 22:31:22'),
(78, 4, 45, 4, '2023-01-15 22:42:39'),
(79, 6, 46, 5, '2023-01-16 06:07:25'),
(80, 9, 49, 4, '2023-01-16 06:24:28'),
(81, 7, 9, 3, '2023-01-16 06:55:31'),
(82, 1, 14, 5, '2023-01-16 08:35:18'),
(83, 1, 16, 2, '2023-01-16 15:38:24'),
(84, 4, 1, 2, '2023-01-16 20:12:45'),
(85, 8, 35, 1, '2023-01-16 22:28:14'),
(86, 5, 45, 1, '2023-01-17 11:15:44'),
(87, 10, 38, 5, '2023-01-17 13:49:11'),
(88, 8, 3, 3, '2023-01-17 21:06:39'),
(89, 1, 39, 5, '2023-01-18 12:20:32'),
(90, 3, 10, 5, '2023-01-18 19:10:11'),
(91, 2, 23, 4, '2023-01-19 07:34:21'),
(92, 7, 45, 1, '2023-01-20 22:32:02'),
(93, 2, 41, 5, '2023-01-20 23:03:53'),
(94, 10, 8, 1, '2023-01-21 08:43:52'),
(95, 1, 3, 5, '2023-01-21 18:40:50'),
(96, 10, 1, 5, '2023-01-21 22:36:04'),
(97, 9, 2, 5, '2023-01-21 23:42:30'),
(98, 1, 25, 3, '2023-01-22 12:10:25'),
(99, 7, 43, 4, '2023-01-22 13:05:22'),
(100, 7, 9, 4, '2023-01-22 23:29:12'),
(101, 2, 35, 4, '2023-01-22 23:47:50'),
(102, 1, 3, 4, '2023-01-23 08:23:01'),
(103, 8, 50, 1, '2023-01-23 16:39:53'),
(104, 4, 11, 3, '2023-01-23 21:02:46'),
(105, 10, 1, 5, '2023-01-24 08:07:01'),
(106, 9, 24, 1, '2023-01-24 08:43:20'),
(107, 9, 49, 5, '2023-01-24 09:55:34'),
(108, 1, 10, 3, '2023-01-24 11:16:46'),
(109, 7, 34, 5, '2023-01-24 12:56:53'),
(110, 1, 33, 5, '2023-01-24 17:12:53'),
(111, 1, 43, 5, '2023-01-24 18:58:15'),
(112, 5, 20, 5, '2023-01-25 10:18:20'),
(113, 5, 44, 1, '2023-01-25 10:54:21'),
(114, 3, 5, 3, '2023-01-25 12:51:15'),
(115, 3, 24, 5, '2023-01-25 14:46:55'),
(116, 9, 50, 4, '2023-01-25 16:02:26'),
(117, 4, 15, 5, '2023-01-26 06:15:40'),
(118, 7, 45, 3, '2023-01-26 07:02:42'),
(119, 3, 22, 3, '2023-01-26 08:24:47'),
(120, 6, 6, 3, '2023-01-26 14:33:46'),
(121, 4, 45, 4, '2023-01-26 16:37:48'),
(122, 10, 28, 5, '2023-01-27 09:50:03'),
(123, 7, 45, 4, '2023-01-27 15:02:54'),
(124, 4, 22, 5, '2023-01-27 19:04:46'),
(125, 2, 41, 5, '2023-01-27 21:34:35'),
(126, 2, 36, 5, '2023-01-27 21:58:23'),
(127, 5, 23, 2, '2023-01-28 15:59:45'),
(128, 8, 28, 5, '2023-01-28 20:03:50'),
(129, 1, 14, 5, '2023-01-28 20:50:11'),
(130, 1, 1, 5, '2023-02-01 06:51:51'),
(131, 4, 11, 5, '2023-02-01 13:51:13'),
(132, 1, 17, 4, '2023-02-01 15:07:40'),
(133, 10, 37, 3, '2023-02-01 17:10:26'),
(134, 2, 27, 4, '2023-02-01 17:54:39'),
(135, 4, 47, 5, '2023-02-01 17:55:56'),
(136, 4, 43, 1, '2023-02-01 22:48:22'),
(137, 9, 47, 3, '2023-02-02 09:56:28'),
(138, 2, 39, 5, '2023-02-02 10:46:34'),
(139, 6, 7, 5, '2023-02-03 08:34:18'),
(140, 6, 42, 3, '2023-02-03 21:52:54'),
(141, 8, 49, 5, '2023-02-03 23:30:56'),
(142, 2, 34, 1, '2023-02-04 06:11:23'),
(143, 10, 4, 5, '2023-02-04 06:34:35'),
(144, 9, 31, 3, '2023-02-04 06:57:39'),
(145, 1, 35, 4, '2023-02-04 10:33:05'),
(146, 8, 38, 4, '2023-02-04 19:03:51'),
(147, 8, 23, 5, '2023-02-04 20:05:29'),
(148, 4, 11, 5, '2023-02-05 12:44:11'),
(149, 9, 26, 4, '2023-02-06 13:33:01'),
(150, 3, 5, 1, '2023-02-06 13:42:08'),
(151, 3, 32, 1, '2023-02-06 16:32:02'),
(152, 1, 18, 5, '2023-02-06 18:30:20'),
(153, 4, 22, 1, '2023-02-06 18:40:23'),
(154, 1, 8, 1, '2023-02-06 22:19:11'),
(155, 7, 35, 2, '2023-02-08 11:18:16'),
(156, 5, 2, 3, '2023-02-08 12:06:43'),
(157, 1, 5, 5, '2023-02-08 15:25:47'),
(158, 10, 36, 5, '2023-02-08 16:13:54'),
(159, 5, 10, 5, '2023-02-08 16:22:49'),
(160, 8, 23, 5, '2023-02-08 18:57:47'),
(161, 1, 34, 5, '2023-02-08 23:19:19'),
(162, 4, 47, 1, '2023-02-09 10:54:08'),
(163, 1, 5, 3, '2023-02-09 11:25:24'),
(164, 9, 26, 1, '2023-02-09 17:27:13'),
(165, 4, 11, 4, '2023-02-09 22:52:40'),
(166, 2, 49, 4, '2023-02-10 07:18:33'),
(167, 2, 25, 4, '2023-02-10 12:15:31'),
(168, 6, 2, 4, '2023-02-10 15:00:35'),
(169, 1, 5, 4, '2023-02-10 17:53:27'),
(170, 1, 4, 5, '2023-02-10 20:25:43'),
(171, 5, 3, 5, '2023-02-10 22:06:03'),
(172, 1, 28, 3, '2023-02-11 08:11:38'),
(173, 9, 31, 5, '2023-02-11 11:58:35'),
(174, 7, 15, 5, '2023-02-11 15:02:13'),
(175, 3, 46, 4, '2023-02-11 16:15:59'),
(176, 10, 26, 4, '2023-02-12 07:16:28'),
(177, 5, 7, 3, '2023-02-12 11:20:59'),
(178, 4, 42, 3, '2023-02-12 22:54:54'),
(179, 6, 1, 3, '2023-02-12 23:04:45'),
(180, 5, 19, 4, '2023-02-13 09:17:34'),
(181, 4, 11, 5, '2023-02-13 10:46:39'),
(182, 2, 46, 1, '2023-02-13 13:01:22'),
(183, 9, 3, 5, '2023-02-13 14:57:46'),
(184, 8, 43, 1, '2023-02-13 20:35:44'),
(185, 3, 24, 4, '2023-02-13 23:35:50'),
(186, 1, 31, 5, '2023-02-14 13:43:19'),
(187, 2, 29, 5, '2023-02-14 14:47:15'),
(188, 7, 43, 5, '2023-02-14 16:49:53'),
(189, 8, 3, 4, '2023-02-14 19:13:01'),
(190, 2, 32, 5, '2023-02-15 09:17:59'),
(191, 1, 16, 5, '2023-02-15 09:48:27'),
(192, 7, 34, 5, '2023-02-16 06:03:51'),
(193, 2, 24, 5, '2023-02-16 09:19:03'),
(194, 6, 5, 4, '2023-02-16 14:57:07'),
(195, 10, 5, 5, '2023-02-16 17:53:27'),
(196, 1, 17, 5, '2023-02-16 19:03:02'),
(197, 9, 29, 4, '2023-02-16 21:27:33'),
(198, 7, 49, 4, '2023-02-17 06:08:00'),
(199, 9, 4, 3, '2023-02-17 07:20:19'),
(200, 1, 35, 5, '2023-02-17 14:01:49'),
(201, 7, 32, 4, '2023-02-17 19:15:44'),
(202, 3, 42, 5, '2023-02-17 20:18:38'),
(203, 8, 23, 1, '2023-02-18 09:36:13'),
(204, 4, 45, 3, '2023-02-18 12:13:11'),
(205, 7, 24, 5, '2023-02-18 13:17:09'),
(206, 1, 8, 5, '2023-02-18 13:31:08'),
(207, 3, 31, 4, '2023-02-18 16:26:46'),
(208, 9, 23, 5, '2023-02-18 21:35:11'),
(209, 5, 4, 1, '2023-02-19 07:30:54'),
(210, 1, 7, 5, '2023-02-19 09:24:12'),
(211, 8, 8, 4, '2023-02-19 12:38:28'),
(212, 1, 6, 4, '2023-02-19 14:51:03'),
(213, 8, 33, 3, '2023-02-20 07:12:16'),
(214, 4, 1, 4, '2023-02-20 08:33:34'),
(215, 8, 1, 5, '2023-02-20 14:40:19'),
(216, 2, 44, 5, '2023-02-21 11:34:28'),
(217, 1, 19, 4, '2023-02-21 16:07:08'),
(218, 10, 40, 3, '2023-02-21 17:46:11'),
(219, 4, 43, 4, '2023-02-21 23:44:33'),
(220, 7, 24, 5, '2023-02-22 08:02:09'),
(221, 8, 45, 5, '2023-02-22 11:28:55'),
(222, 5, 24, 3, '2023-02-22 12:03:24'),
(223, 4, 45, 4, '2023-02-22 13:09:36'),
(224, 1, 14, 5, '2023-02-23 10:47:50'),
(225, 2, 30, 5, '2023-02-23 13:16:14'),
(226, 9, 24, 5, '2023-02-23 14:51:08'),
(227, 2, 35, 5, '2023-02-23 16:09:37'),
(228, 7, 43, 5, '2023-02-23 16:38:42'),
(229, 7, 15, 4, '2023-02-23 16:51:16'),
(230, 8, 7, 5, '2023-02-23 17:55:02'),
(231, 2, 45, 5, '2023-02-23 20:00:55'),
(232, 9, 46, 5, '2023-02-24 10:24:28'),
(233, 4, 47, 5, '2023-02-24 14:14:33'),
(234, 4, 22, 5, '2023-02-25 08:49:43'),
(235, 2, 33, 5, '2023-02-25 09:36:24'),
(236, 2, 23, 1, '2023-02-25 12:16:19'),
(237, 1, 22, 4, '2023-02-25 13:01:36'),
(238, 4, 42, 4, '2023-02-25 15:18:50'),
(239, 2, 33, 2, '2023-02-25 19:26:00'),
(240, 1, 15, 1, '2023-02-25 19:52:27'),
(241, 10, 41, 1, '2023-02-26 07:36:23'),
(242, 7, 19, 3, '2023-02-26 15:23:25'),
(243, 9, 2, 5, '2023-02-27 13:20:34'),
(244, 2, 22, 5, '2023-02-27 18:32:55'),
(245, 6, 4, 4, '2023-02-27 18:37:43'),
(246, 2, 26, 3, '2023-02-28 09:12:42'),
(247, 1, 17, 5, '2023-02-28 15:00:59'),
(248, 6, 30, 5, '2023-02-28 20:27:18'),
(249, 1, 43, 5, '2023-03-01 09:45:29'),
(250, 8, 44, 4, '2023-03-01 17:43:00'),
(251, 7, 1, 5, '2023-03-02 07:08:03'),
(252, 2, 23, 4, '2023-03-02 14:07:40'),
(253, 1, 18, 3, '2023-03-02 14:35:59'),
(254, 2, 40, 3, '2023-03-02 16:50:29'),
(255, 4, 45, 3, '2023-03-03 06:09:03'),
(256, 5, 17, 1, '2023-03-03 08:21:05'),
(257, 7, 32, 3, '2023-03-03 08:38:13'),
(258, 3, 2, 3, '2023-03-03 13:17:54'),
(259, 9, 30, 5, '2023-03-03 20:22:24'),
(260, 6, 6, 3, '2023-03-04 15:37:13'),
(261, 4, 1, 5, '2023-03-04 20:44:31'),
(262, 1, 1, 1, '2023-03-05 11:41:44'),
(263, 7, 1, 4, '2023-03-05 14:42:40'),
(264, 4, 35, 5, '2023-03-05 16:49:42'),
(265, 10, 35, 3, '2023-03-05 16:56:48'),
(266, 4, 49, 3, '2023-03-05 19:18:54'),
(267, 2, 44, 5, '2023-03-05 19:33:57'),
(268, 3, 14, 3, '2023-03-05 23:20:21'),
(269, 1, 7, 4, '2023-03-05 23:37:13'),
(270, 4, 42, 3, '2023-03-06 08:14:17'),
(271, 8, 7, 5, '2023-03-06 10:03:01'),
(272, 7, 6, 4, '2023-03-06 17:15:24'),
(273, 3, 3, 3, '2023-03-06 21:40:44'),
(274, 8, 30, 4, '2023-03-06 21:56:42'),
(275, 2, 26, 5, '2023-03-07 06:03:18'),
(276, 8, 40, 5, '2023-03-07 15:22:50'),
(277, 2, 42, 5, '2023-03-07 21:12:22'),
(278, 9, 48, 1, '2023-03-08 10:52:44'),
(279, 2, 20, 5, '2023-03-08 13:13:18'),
(280, 9, 29, 3, '2023-03-08 14:44:24'),
(281, 4, 22, 1, '2023-03-09 06:28:34'),
(282, 10, 11, 2, '2023-03-09 09:40:06'),
(283, 4, 11, 5, '2023-03-09 17:41:36'),
(284, 6, 28, 3, '2023-03-10 06:22:07'),
(285, 7, 49, 4, '2023-03-10 09:56:22'),
(286, 8, 36, 4, '2023-03-10 10:13:02'),
(287, 1, 20, 5, '2023-03-10 18:38:44'),
(288, 7, 49, 3, '2023-03-10 19:23:29'),
(289, 1, 41, 5, '2023-03-10 22:04:20'),
(290, 1, 7, 3, '2023-03-10 23:11:45'),
(291, 10, 8, 4, '2023-03-11 11:11:54'),
(292, 3, 23, 4, '2023-03-11 12:03:51'),
(293, 1, 16, 1, '2023-03-11 13:59:43'),
(294, 8, 48, 5, '2023-03-11 14:00:34'),
(295, 4, 11, 5, '2023-03-11 23:12:05'),
(296, 7, 35, 5, '2023-03-12 06:27:04'),
(297, 8, 4, 1, '2023-03-12 18:15:30'),
(298, 9, 28, 4, '2023-03-13 23:37:51'),
(299, 1, 28, 3, '2023-03-14 08:31:01'),
(300, 1, 17, 5, '2023-03-14 20:52:29'),
(301, 1, 37, 5, '2023-03-14 21:41:45'),
(302, 1, 21, 5, '2023-03-15 06:29:08'),
(303, 1, 3, 5, '2023-03-15 06:35:44'),
(304, 1, 2, 2, '2023-03-15 07:04:18'),
(305, 3, 5, 4, '2023-03-15 07:45:40'),
(306, 4, 36, 4, '2023-03-15 09:42:35'),
(307, 7, 19, 5, '2023-03-15 10:04:05'),
(308, 10, 10, 3, '2023-03-15 11:09:58'),
(309, 10, 12, 5, '2023-03-15 16:20:35'),
(310, 3, 48, 3, '2023-03-15 16:25:01'),
(311, 4, 43, 5, '2023-03-15 18:14:39'),
(312, 9, 46, 4, '2023-03-15 18:30:19'),
(313, 8, 41, 3, '2023-03-15 22:48:55'),
(314, 10, 28, 4, '2023-03-15 22:58:28'),
(315, 4, 1, 2, '2023-03-16 08:37:25'),
(316, 9, 44, 1, '2023-03-16 08:56:38'),
(317, 1, 7, 1, '2023-03-16 12:01:21'),
(318, 5, 43, 5, '2023-03-16 18:15:29'),
(319, 9, 49, 3, '2023-03-16 18:20:44'),
(320, 10, 40, 1, '2023-03-16 20:49:03'),
(321, 6, 46, 5, '2023-03-17 07:11:25'),
(322, 10, 4, 3, '2023-03-17 13:58:41'),
(323, 3, 3, 1, '2023-03-17 17:32:21'),
(324, 1, 11, 4, '2023-03-17 21:40:07'),
(325, 4, 11, 1, '2023-03-18 07:13:20'),
(326, 7, 49, 3, '2023-03-18 20:25:53'),
(327, 8, 5, 4, '2023-03-19 07:32:34'),
(328, 6, 4, 4, '2023-03-19 09:47:23'),
(329, 10, 27, 5, '2023-03-19 13:33:38'),
(330, 3, 1, 3, '2023-03-19 14:31:45'),
(331, 3, 9, 3, '2023-03-20 06:54:34'),
(332, 3, 1, 1, '2023-03-20 14:45:05'),
(333, 3, 12, 4, '2023-03-20 17:00:52'),
(334, 4, 47, 1, '2023-03-20 20:12:45'),
(335, 1, 15, 5, '2023-03-20 20:34:32'),
(336, 7, 32, 5, '2023-03-20 20:44:20'),
(337, 2, 47, 4, '2023-03-20 22:19:30'),
(338, 10, 10, 4, '2023-03-21 06:10:15'),
(339, 6, 28, 1, '2023-03-21 07:17:53'),
(340, 5, 50, 3, '2023-03-21 08:15:11'),
(341, 1, 15, 3, '2023-03-21 09:46:55'),
(342, 6, 3, 4, '2023-03-21 10:15:46'),
(343, 3, 12, 3, '2023-03-21 17:54:22'),
(344, 5, 9, 5, '2023-03-21 20:21:39'),
(345, 9, 4, 1, '2023-03-21 20:24:00'),
(346, 2, 35, 1, '2023-03-21 22:59:19'),
(347, 10, 36, 3, '2023-03-22 11:26:22'),
(348, 7, 48, 3, '2023-03-22 14:44:06'),
(349, 10, 7, 3, '2023-03-22 17:42:57'),
(350, 10, 3, 5, '2023-03-22 23:19:35'),
(351, 6, 30, 5, '2023-03-23 10:36:52'),
(352, 2, 33, 3, '2023-03-23 15:18:08'),
(353, 1, 18, 3, '2023-03-23 16:44:40'),
(354, 4, 22, 4, '2023-03-23 18:06:26'),
(355, 1, 30, 5, '2023-03-23 22:53:40'),
(356, 2, 25, 5, '2023-03-24 09:53:24'),
(357, 9, 50, 5, '2023-03-24 11:40:20'),
(358, 9, 25, 4, '2023-03-24 14:07:44'),
(359, 3, 27, 3, '2023-03-24 16:35:04'),
(360, 10, 13, 4, '2023-03-24 18:54:06'),
(361, 4, 35, 5, '2023-03-24 23:20:07'),
(362, 10, 8, 5, '2023-03-25 08:48:27'),
(363, 1, 1, 4, '2023-03-25 09:04:05'),
(364, 10, 12, 5, '2023-03-25 15:27:15'),
(365, 4, 15, 1, '2023-03-26 06:49:46'),
(366, 1, 3, 5, '2023-03-26 16:25:07'),
(367, 2, 36, 5, '2023-03-26 17:14:22'),
(368, 2, 31, 5, '2023-03-26 22:44:21'),
(369, 5, 10, 5, '2023-03-27 07:07:27'),
(370, 1, 13, 3, '2023-03-27 09:36:38'),
(371, 3, 50, 5, '2023-03-27 11:35:00'),
(372, 1, 12, 1, '2023-03-27 16:57:22'),
(373, 1, 36, 4, '2023-03-27 18:15:33'),
(374, 4, 15, 5, '2023-03-27 20:25:41'),
(375, 1, 20, 4, '2023-03-27 21:05:37'),
(376, 10, 2, 1, '2023-03-28 07:50:12'),
(377, 1, 24, 4, '2023-03-28 11:08:06'),
(378, 2, 42, 3, '2023-03-28 13:42:19'),
(379, 2, 34, 5, '2023-03-28 16:46:36'),
(380, 2, 48, 3, '2023-03-28 20:23:58'),
(381, 4, 22, 4, '2023-04-01 11:49:28'),
(382, 1, 4, 3, '2023-04-01 13:15:20'),
(383, 2, 35, 5, '2023-04-01 13:43:10'),
(384, 4, 1, 3, '2023-04-01 18:41:52'),
(385, 6, 6, 4, '2023-04-01 20:33:19'),
(386, 4, 1, 4, '2023-04-02 07:16:35'),
(387, 10, 40, 4, '2023-04-02 09:02:21'),
(388, 2, 21, 5, '2023-04-02 20:56:33'),
(389, 1, 28, 5, '2023-04-02 22:10:05'),
(390, 1, 15, 5, '2023-04-03 06:26:10'),
(391, 9, 2, 3, '2023-04-03 06:37:53'),
(392, 10, 3, 1, '2023-04-03 07:25:06'),
(393, 4, 1, 4, '2023-04-03 11:27:42'),
(394, 5, 3, 4, '2023-04-03 11:41:18'),
(395, 4, 49, 1, '2023-04-03 14:34:26'),
(396, 7, 32, 4, '2023-04-03 14:40:41'),
(397, 1, 11, 4, '2023-04-03 15:29:57'),
(398, 4, 49, 5, '2023-04-03 18:41:42'),
(399, 1, 10, 5, '2023-04-03 19:40:17'),
(400, 10, 3, 3, '2023-04-03 20:44:06'),
(401, 10, 11, 3, '2023-04-04 14:37:03'),
(402, 1, 8, 3, '2023-04-04 19:56:59'),
(403, 4, 49, 1, '2023-04-05 12:50:07'),
(404, 8, 1, 3, '2023-04-05 18:01:11'),
(405, 1, 19, 5, '2023-04-05 19:57:33'),
(406, 1, 2, 4, '2023-04-05 23:46:37'),
(407, 6, 6, 1, '2023-04-06 09:43:11'),
(408, 1, 11, 1, '2023-04-06 19:51:04'),
(409, 7, 24, 4, '2023-04-06 20:16:43'),
(410, 8, 30, 5, '2023-04-06 22:44:39'),
(411, 9, 27, 5, '2023-04-07 06:31:15'),
(412, 3, 44, 4, '2023-04-07 09:16:11'),
(413, 1, 12, 3, '2023-04-07 09:21:22'),
(414, 8, 1, 3, '2023-04-07 12:13:30'),
(415, 2, 24, 3, '2023-04-07 16:04:32'),
(416, 9, 1, 3, '2023-04-07 18:44:01'),
(417, 8, 49, 5, '2023-04-07 23:10:50'),
(418, 3, 24, 4, '2023-04-08 08:16:37'),
(419, 4, 11, 2, '2023-04-08 13:24:58'),
(420, 1, 28, 5, '2023-04-08 13:43:41'),
(421, 4, 15, 5, '2023-04-08 19:07:40'),
(422, 2, 42, 1, '2023-04-09 06:27:59'),
(423, 8, 5, 3, '2023-04-09 07:26:51'),
(424, 1, 2, 3, '2023-04-09 12:39:40'),
(425, 6, 2, 5, '2023-04-09 13:42:14'),
(426, 4, 35, 5, '2023-04-09 15:21:42'),
(427, 2, 50, 4, '2023-04-09 20:47:54'),
(428, 8, 40, 5, '2023-04-09 22:32:44'),
(429, 2, 33, 5, '2023-04-10 07:37:08'),
(430, 1, 21, 5, '2023-04-10 09:27:46'),
(431, 4, 15, 5, '2023-04-10 11:08:44'),
(432, 2, 41, 5, '2023-04-10 13:16:01'),
(433, 9, 45, 5, '2023-04-10 15:12:19'),
(434, 5, 14, 4, '2023-04-10 16:22:25'),
(435, 2, 24, 5, '2023-04-10 20:08:45'),
(436, 7, 45, 3, '2023-04-10 22:25:02'),
(437, 1, 1, 5, '2023-04-11 08:02:33'),
(438, 2, 42, 5, '2023-04-11 08:59:06'),
(439, 4, 43, 3, '2023-04-11 09:19:01'),
(440, 1, 15, 4, '2023-04-11 11:17:54'),
(441, 3, 2, 3, '2023-04-11 16:00:35'),
(442, 1, 9, 5, '2023-04-11 19:41:49'),
(443, 9, 1, 5, '2023-04-12 07:06:00'),
(444, 1, 28, 4, '2023-04-12 10:03:28'),
(445, 1, 36, 4, '2023-04-12 10:49:35'),
(446, 1, 38, 4, '2023-04-12 11:19:37'),
(447, 2, 28, 5, '2023-04-12 18:39:52'),
(448, 3, 47, 4, '2023-04-12 22:29:35'),
(449, 3, 3, 1, '2023-04-13 06:21:05'),
(450, 7, 24, 4, '2023-04-13 07:48:34'),
(451, 7, 49, 4, '2023-04-13 09:15:16'),
(452, 1, 34, 4, '2023-04-13 18:55:43'),
(453, 4, 22, 5, '2023-04-13 21:54:03'),
(454, 9, 46, 5, '2023-04-13 22:35:36'),
(455, 1, 41, 5, '2023-04-14 07:58:02'),
(456, 3, 24, 3, '2023-04-14 09:27:17'),
(457, 3, 4, 1, '2023-04-14 12:44:55'),
(458, 4, 42, 4, '2023-04-14 19:45:11'),
(459, 4, 49, 1, '2023-04-15 10:00:44'),
(460, 4, 1, 5, '2023-04-15 10:56:30'),
(461, 9, 4, 3, '2023-04-15 15:16:48'),
(462, 1, 6, 5, '2023-04-15 18:42:30'),
(463, 8, 2, 5, '2023-04-15 22:14:14'),
(464, 2, 22, 5, '2023-04-15 23:51:00'),
(465, 9, 31, 5, '2023-04-16 06:00:39'),
(466, 6, 28, 3, '2023-04-16 07:43:16'),
(467, 3, 43, 4, '2023-04-16 08:11:13'),
(468, 3, 15, 4, '2023-04-16 08:13:27'),
(469, 1, 32, 5, '2023-04-16 12:15:02'),
(470, 3, 2, 3, '2023-04-16 19:56:29'),
(471, 1, 14, 5, '2023-04-16 22:37:50'),
(472, 2, 42, 3, '2023-04-17 07:14:58'),
(473, 3, 23, 4, '2023-04-17 13:34:55'),
(474, 10, 36, 5, '2023-04-17 13:46:12'),
(475, 10, 10, 5, '2023-04-17 18:51:27'),
(476, 1, 26, 4, '2023-04-17 22:00:11'),
(477, 3, 46, 5, '2023-04-18 16:06:11'),
(478, 9, 45, 5, '2023-04-18 20:34:31'),
(479, 2, 34, 5, '2023-04-19 07:45:50'),
(480, 7, 45, 1, '2023-04-19 09:11:36'),
(481, 4, 1, 5, '2023-04-19 10:40:18'),
(482, 9, 26, 5, '2023-04-19 11:28:58'),
(483, 1, 40, 4, '2023-04-19 12:58:40'),
(484, 9, 1, 4, '2023-04-19 18:14:31'),
(485, 2, 26, 3, '2023-04-19 18:42:06'),
(486, 2, 40, 3, '2023-04-19 22:16:39'),
(487, 9, 25, 5, '2023-04-20 07:37:37'),
(488, 2, 22, 4, '2023-04-20 10:48:34'),
(489, 1, 23, 3, '2023-04-20 16:22:25'),
(490, 1, 28, 5, '2023-04-20 18:01:10'),
(491, 3, 13, 1, '2023-04-20 18:11:11'),
(492, 4, 1, 4, '2023-04-20 18:23:26'),
(493, 10, 26, 5, '2023-04-21 12:34:09'),
(494, 7, 43, 5, '2023-04-21 21:52:47'),
(495, 5, 17, 3, '2023-04-22 12:12:03'),
(496, 1, 5, 4, '2023-04-22 12:59:07'),
(497, 7, 35, 5, '2023-04-22 13:33:15'),
(498, 5, 45, 4, '2023-04-22 16:57:51'),
(499, 8, 48, 4, '2023-04-22 18:52:17'),
(500, 3, 11, 2, '2023-04-22 19:00:25'),
(501, 10, 39, 4, '2023-04-23 09:45:54'),
(502, 2, 23, 4, '2023-04-23 10:01:49'),
(503, 10, 2, 4, '2023-04-23 16:21:21'),
(504, 1, 11, 4, '2023-04-23 20:08:26'),
(505, 5, 43, 5, '2023-04-24 06:50:21'),
(506, 3, 27, 4, '2023-04-24 09:25:46'),
(507, 8, 47, 2, '2023-04-24 18:16:14'),
(508, 9, 24, 5, '2023-04-24 20:10:12'),
(509, 10, 5, 3, '2023-04-25 06:40:22'),
(510, 1, 41, 4, '2023-04-25 11:52:37'),
(511, 4, 49, 1, '2023-04-25 18:00:32'),
(512, 1, 5, 3, '2023-04-25 18:31:32'),
(513, 3, 3, 4, '2023-04-25 19:33:22'),
(514, 7, 6, 5, '2023-04-25 21:04:00'),
(515, 4, 22, 4, '2023-04-26 15:08:53'),
(516, 6, 28, 5, '2023-04-26 19:35:13'),
(517, 7, 45, 3, '2023-04-27 07:31:38'),
(518, 10, 37, 4, '2023-04-27 08:55:13'),
(519, 2, 20, 5, '2023-04-28 06:13:53'),
(520, 4, 1, 5, '2023-04-28 07:54:23'),
(521, 8, 50, 5, '2023-04-28 13:42:48'),
(522, 1, 21, 5, '2023-04-28 13:43:55'),
(523, 7, 45, 1, '2023-04-28 17:54:00'),
(524, 1, 41, 5, '2023-04-28 21:19:26');